filename,width,height,class,xmin,ymin,xmax,ymax
image_jpg.rf.082853151e6e93c7ee0a0c4aaf441a0f.jpg,416,416,CubeRed,256,178,298,222
image_jpg.rf.082853151e6e93c7ee0a0c4aaf441a0f.jpg,416,416,CubeYellow,205,180,240,226
image_jpg.rf.082853151e6e93c7ee0a0c4aaf441a0f.jpg,416,416,CubeYellow,153,180,190,227
image_jpg.rf.082853151e6e93c7ee0a0c4aaf441a0f.jpg,416,416,CubeRed,102,183,139,228
image_jpg.rf.082853151e6e93c7ee0a0c4aaf441a0f.jpg,416,416,CubeRed,100,276,142,327
image_jpg.rf.082853151e6e93c7ee0a0c4aaf441a0f.jpg,416,416,CubeBlue,306,70,353,115
image_jpg.rf.082853151e6e93c7ee0a0c4aaf441a0f.jpg,416,416,CubeYellow,257,73,297,117
image_jpg.rf.082853151e6e93c7ee0a0c4aaf441a0f.jpg,416,416,CubeBlue,205,76,242,120
image_jpg.rf.082853151e6e93c7ee0a0c4aaf441a0f.jpg,416,416,CubeBlue,150,77,189,122
image_jpg.rf.082853151e6e93c7ee0a0c4aaf441a0f.jpg,416,416,CubeBlue,93,80,137,124
testimage3_jpg.rf.17064d88eaaafdb3ff8266a71be9031b.jpg,416,416,CubeRed,261,157,309,210
testimage3_jpg.rf.17064d88eaaafdb3ff8266a71be9031b.jpg,416,416,CubeYellow,204,164,245,216
testimage3_jpg.rf.17064d88eaaafdb3ff8266a71be9031b.jpg,416,416,CubeYellow,146,165,188,219
testimage3_jpg.rf.17064d88eaaafdb3ff8266a71be9031b.jpg,416,416,CubeRed,86,172,133,221
testimage3_jpg.rf.17064d88eaaafdb3ff8266a71be9031b.jpg,416,416,CubeRed,85,273,135,334
testimage3_jpg.rf.17064d88eaaafdb3ff8266a71be9031b.jpg,416,416,CubeBlue,316,35,373,86
testimage3_jpg.rf.17064d88eaaafdb3ff8266a71be9031b.jpg,416,416,CubeYellow,262,37,309,92
testimage3_jpg.rf.17064d88eaaafdb3ff8266a71be9031b.jpg,416,416,CubeBlue,204,45,246,95
testimage3_jpg.rf.17064d88eaaafdb3ff8266a71be9031b.jpg,416,416,CubeBlue,140,49,187,101
testimage3_jpg.rf.17064d88eaaafdb3ff8266a71be9031b.jpg,416,416,CubeBlue,77,53,128,106
testimage3_jpg.rf.5b166777bf61cddd51b08bfb0b1f0375.jpg,416,416,CubeRed,257,155,306,209
testimage3_jpg.rf.5b166777bf61cddd51b08bfb0b1f0375.jpg,416,416,CubeYellow,200,162,242,215
testimage3_jpg.rf.5b166777bf61cddd51b08bfb0b1f0375.jpg,416,416,CubeYellow,142,164,185,219
testimage3_jpg.rf.5b166777bf61cddd51b08bfb0b1f0375.jpg,416,416,CubeRed,82,171,130,221
testimage3_jpg.rf.5b166777bf61cddd51b08bfb0b1f0375.jpg,416,416,CubeRed,79,272,131,334
testimage3_jpg.rf.5b166777bf61cddd51b08bfb0b1f0375.jpg,416,416,CubeBlue,314,32,373,85
testimage3_jpg.rf.5b166777bf61cddd51b08bfb0b1f0375.jpg,416,416,CubeYellow,261,35,308,90
testimage3_jpg.rf.5b166777bf61cddd51b08bfb0b1f0375.jpg,416,416,CubeBlue,203,43,245,94
testimage3_jpg.rf.5b166777bf61cddd51b08bfb0b1f0375.jpg,416,416,CubeBlue,140,49,185,100
testimage3_jpg.rf.5b166777bf61cddd51b08bfb0b1f0375.jpg,416,416,CubeBlue,76,52,127,105
testimage4_jpg.rf.481a8e974f9365b4258b55b3d53409e8.jpg,416,416,OrderBlue,319,67,352,108
testimage4_jpg.rf.481a8e974f9365b4258b55b3d53409e8.jpg,416,416,OrderBlue,132,67,163,111
testimage4_jpg.rf.481a8e974f9365b4258b55b3d53409e8.jpg,416,416,OrderBlue,205,68,240,113
testimage4_jpg.rf.481a8e974f9365b4258b55b3d53409e8.jpg,416,416,OrderBlue,242,68,277,112
testimage4_jpg.rf.481a8e974f9365b4258b55b3d53409e8.jpg,416,416,OrderRed,204,118,237,161
testimage4_jpg.rf.481a8e974f9365b4258b55b3d53409e8.jpg,416,416,OrderRed,130,119,163,161
testimage4_jpg.rf.481a8e974f9365b4258b55b3d53409e8.jpg,416,416,OrderRed,167,119,199,161
testimage4_jpg.rf.481a8e974f9365b4258b55b3d53409e8.jpg,416,416,OrderGurney,130,168,162,207
testimage4_jpg.rf.481a8e974f9365b4258b55b3d53409e8.jpg,416,416,OrderYellow,238,166,271,210
testimage4_jpg.rf.481a8e974f9365b4258b55b3d53409e8.jpg,416,416,OrderRed,314,167,348,208
testimage4_jpg.rf.481a8e974f9365b4258b55b3d53409e8.jpg,416,416,OrderBlue,166,168,199,210
testimage4_jpg.rf.481a8e974f9365b4258b55b3d53409e8.jpg,416,416,OrderGurney,275,167,309,211
testimage4_jpg.rf.481a8e974f9365b4258b55b3d53409e8.jpg,416,416,OrderYellow,128,216,160,257
testimage4_jpg.rf.481a8e974f9365b4258b55b3d53409e8.jpg,416,416,OrderYellow,164,217,197,258
testimage4_jpg.rf.481a8e974f9365b4258b55b3d53409e8.jpg,416,416,OrderYellow,200,218,233,258
testimage4_jpg.rf.481a8e974f9365b4258b55b3d53409e8.jpg,416,416,OrderGurney,236,218,268,259
testimage4_jpg.rf.481a8e974f9365b4258b55b3d53409e8.jpg,416,416,OrderGurney,197,263,231,303
testimage4_jpg.rf.481a8e974f9365b4258b55b3d53409e8.jpg,416,416,OrderYellow,128,264,159,303
testimage4_jpg.rf.481a8e974f9365b4258b55b3d53409e8.jpg,416,416,OrderGurney,163,264,196,303
testimage4_jpg.rf.481a8e974f9365b4258b55b3d53409e8.jpg,416,416,OrderRed,270,266,303,307
image_jpg.rf.2747c6b86580f1d8760d783d39f2e6d8.jpg,416,416,CubeRed,259,184,302,231
image_jpg.rf.2747c6b86580f1d8760d783d39f2e6d8.jpg,416,416,CubeYellow,209,187,243,232
image_jpg.rf.2747c6b86580f1d8760d783d39f2e6d8.jpg,416,416,CubeYellow,157,185,194,232
image_jpg.rf.2747c6b86580f1d8760d783d39f2e6d8.jpg,416,416,CubeRed,105,186,143,232
image_jpg.rf.2747c6b86580f1d8760d783d39f2e6d8.jpg,416,416,CubeRed,104,279,149,331
image_jpg.rf.2747c6b86580f1d8760d783d39f2e6d8.jpg,416,416,CubeBlue,309,79,354,125
image_jpg.rf.2747c6b86580f1d8760d783d39f2e6d8.jpg,416,416,CubeYellow,259,80,299,126
image_jpg.rf.2747c6b86580f1d8760d783d39f2e6d8.jpg,416,416,CubeBlue,208,82,243,127
image_jpg.rf.2747c6b86580f1d8760d783d39f2e6d8.jpg,416,416,CubeBlue,151,81,192,128
image_jpg.rf.2747c6b86580f1d8760d783d39f2e6d8.jpg,416,416,CubeBlue,95,83,139,128
image_jpg.rf.4c5037e646909a293003f3609c462d3f.jpg,416,416,CubeRed,255,172,297,217
image_jpg.rf.4c5037e646909a293003f3609c462d3f.jpg,416,416,CubeYellow,205,177,238,221
image_jpg.rf.4c5037e646909a293003f3609c462d3f.jpg,416,416,CubeYellow,153,178,189,223
image_jpg.rf.4c5037e646909a293003f3609c462d3f.jpg,416,416,CubeRed,100,180,139,227
image_jpg.rf.4c5037e646909a293003f3609c462d3f.jpg,416,416,CubeRed,99,274,140,325
image_jpg.rf.4c5037e646909a293003f3609c462d3f.jpg,416,416,CubeBlue,307,64,351,110
image_jpg.rf.4c5037e646909a293003f3609c462d3f.jpg,416,416,CubeYellow,257,68,296,113
image_jpg.rf.4c5037e646909a293003f3609c462d3f.jpg,416,416,CubeBlue,206,72,240,116
image_jpg.rf.4c5037e646909a293003f3609c462d3f.jpg,416,416,CubeBlue,150,74,188,119
image_jpg.rf.4c5037e646909a293003f3609c462d3f.jpg,416,416,CubeBlue,93,77,137,123
testimage3_jpg.rf.498648310d00e8e92bca4d935a8759c6.jpg,416,416,CubeRed,260,164,308,217
testimage3_jpg.rf.498648310d00e8e92bca4d935a8759c6.jpg,416,416,CubeYellow,202,169,244,221
testimage3_jpg.rf.498648310d00e8e92bca4d935a8759c6.jpg,416,416,CubeYellow,144,169,187,223
testimage3_jpg.rf.498648310d00e8e92bca4d935a8759c6.jpg,416,416,CubeRed,83,174,133,225
testimage3_jpg.rf.498648310d00e8e92bca4d935a8759c6.jpg,416,416,CubeRed,83,276,134,337
testimage3_jpg.rf.498648310d00e8e92bca4d935a8759c6.jpg,416,416,CubeBlue,316,43,373,94
testimage3_jpg.rf.498648310d00e8e92bca4d935a8759c6.jpg,416,416,CubeYellow,261,43,309,99
testimage3_jpg.rf.498648310d00e8e92bca4d935a8759c6.jpg,416,416,CubeBlue,204,50,245,100
testimage3_jpg.rf.498648310d00e8e92bca4d935a8759c6.jpg,416,416,CubeBlue,140,53,186,105
testimage3_jpg.rf.498648310d00e8e92bca4d935a8759c6.jpg,416,416,CubeBlue,77,56,127,108
image8_jpg.rf.2d6776fdda10e3d23fbaa941fa916019.jpg,416,416,OrderBlue,284,65,319,107
image8_jpg.rf.2d6776fdda10e3d23fbaa941fa916019.jpg,416,416,OrderBlue,208,72,243,113
image8_jpg.rf.2d6776fdda10e3d23fbaa941fa916019.jpg,416,416,OrderBlue,170,75,206,117
image8_jpg.rf.2d6776fdda10e3d23fbaa941fa916019.jpg,416,416,OrderBlue,98,80,131,122
image8_jpg.rf.2d6776fdda10e3d23fbaa941fa916019.jpg,416,416,OrderRed,175,125,209,168
image8_jpg.rf.2d6776fdda10e3d23fbaa941fa916019.jpg,416,416,OrderRed,136,128,171,166
image8_jpg.rf.2d6776fdda10e3d23fbaa941fa916019.jpg,416,416,OrderRed,100,129,135,173
image8_jpg.rf.2d6776fdda10e3d23fbaa941fa916019.jpg,416,416,OrderRed,290,168,323,210
image8_jpg.rf.2d6776fdda10e3d23fbaa941fa916019.jpg,416,416,OrderGurney,253,171,285,213
image8_jpg.rf.2d6776fdda10e3d23fbaa941fa916019.jpg,416,416,OrderYellow,214,171,248,214
image8_jpg.rf.2d6776fdda10e3d23fbaa941fa916019.jpg,416,416,OrderBlue,141,178,174,220
image8_jpg.rf.2d6776fdda10e3d23fbaa941fa916019.jpg,416,416,OrderGurney,104,180,138,219
image8_jpg.rf.2d6776fdda10e3d23fbaa941fa916019.jpg,416,416,OrderGurney,216,221,250,267
image8_jpg.rf.2d6776fdda10e3d23fbaa941fa916019.jpg,416,416,OrderYellow,143,225,178,267
image8_jpg.rf.2d6776fdda10e3d23fbaa941fa916019.jpg,416,416,OrderYellow,180,224,214,268
image8_jpg.rf.2d6776fdda10e3d23fbaa941fa916019.jpg,416,416,OrderYellow,108,229,143,269
image8_jpg.rf.2d6776fdda10e3d23fbaa941fa916019.jpg,416,416,OrderRed,254,268,290,311
image8_jpg.rf.2d6776fdda10e3d23fbaa941fa916019.jpg,416,416,OrderGurney,184,272,216,314
image8_jpg.rf.2d6776fdda10e3d23fbaa941fa916019.jpg,416,416,OrderGurney,146,273,182,316
image8_jpg.rf.2d6776fdda10e3d23fbaa941fa916019.jpg,416,416,OrderYellow,111,275,145,316
testimage2_jpg.rf.183c3057e586362d3ba2452659794395.jpg,416,416,CubeRed,259,157,307,209
testimage2_jpg.rf.183c3057e586362d3ba2452659794395.jpg,416,416,CubeYellow,200,161,244,213
testimage2_jpg.rf.183c3057e586362d3ba2452659794395.jpg,416,416,CubeYellow,143,165,185,218
testimage2_jpg.rf.183c3057e586362d3ba2452659794395.jpg,416,416,CubeRed,84,169,131,222
testimage2_jpg.rf.183c3057e586362d3ba2452659794395.jpg,416,416,CubeRed,84,272,132,333
testimage2_jpg.rf.183c3057e586362d3ba2452659794395.jpg,416,416,CubeBlue,316,33,369,85
testimage2_jpg.rf.183c3057e586362d3ba2452659794395.jpg,416,416,CubeYellow,261,38,308,92
testimage2_jpg.rf.183c3057e586362d3ba2452659794395.jpg,416,416,CubeBlue,202,44,244,96
testimage2_jpg.rf.183c3057e586362d3ba2452659794395.jpg,416,416,CubeBlue,140,48,185,101
testimage2_jpg.rf.183c3057e586362d3ba2452659794395.jpg,416,416,CubeBlue,78,53,128,103
testimage3_jpg.rf.302db9b2d27df627144ae405521ed833.jpg,416,416,CubeRed,260,152,310,208
testimage3_jpg.rf.302db9b2d27df627144ae405521ed833.jpg,416,416,CubeYellow,204,161,245,214
testimage3_jpg.rf.302db9b2d27df627144ae405521ed833.jpg,416,416,CubeYellow,147,163,187,217
testimage3_jpg.rf.302db9b2d27df627144ae405521ed833.jpg,416,416,CubeRed,85,169,134,221
testimage3_jpg.rf.302db9b2d27df627144ae405521ed833.jpg,416,416,CubeRed,85,272,135,333
testimage3_jpg.rf.302db9b2d27df627144ae405521ed833.jpg,416,416,CubeBlue,316,30,374,83
testimage3_jpg.rf.302db9b2d27df627144ae405521ed833.jpg,416,416,CubeYellow,262,34,309,89
testimage3_jpg.rf.302db9b2d27df627144ae405521ed833.jpg,416,416,CubeBlue,203,41,247,94
testimage3_jpg.rf.302db9b2d27df627144ae405521ed833.jpg,416,416,CubeBlue,140,47,187,100
testimage3_jpg.rf.302db9b2d27df627144ae405521ed833.jpg,416,416,CubeBlue,78,52,127,104
image6_jpg.rf.2d92e66527dbd3ae4b07fa8aa6c9533a.jpg,416,416,OrderBlue,278,119,305,157
image6_jpg.rf.2d92e66527dbd3ae4b07fa8aa6c9533a.jpg,416,416,OrderBlue,215,120,243,157
image6_jpg.rf.2d92e66527dbd3ae4b07fa8aa6c9533a.jpg,416,416,OrderBlue,183,120,212,158
image6_jpg.rf.2d92e66527dbd3ae4b07fa8aa6c9533a.jpg,416,416,OrderBlue,120,121,149,157
image6_jpg.rf.2d92e66527dbd3ae4b07fa8aa6c9533a.jpg,416,416,OrderRed,182,162,209,201
image6_jpg.rf.2d92e66527dbd3ae4b07fa8aa6c9533a.jpg,416,416,OrderRed,151,164,179,198
image6_jpg.rf.2d92e66527dbd3ae4b07fa8aa6c9533a.jpg,416,416,OrderRed,119,164,147,200
image6_jpg.rf.2d92e66527dbd3ae4b07fa8aa6c9533a.jpg,416,416,OrderRed,276,202,307,241
image6_jpg.rf.2d92e66527dbd3ae4b07fa8aa6c9533a.jpg,416,416,OrderYellow,212,204,243,240
image6_jpg.rf.2d92e66527dbd3ae4b07fa8aa6c9533a.jpg,416,416,OrderGurney,244,205,273,241
image6_jpg.rf.2d92e66527dbd3ae4b07fa8aa6c9533a.jpg,416,416,OrderBlue,150,205,179,243
image6_jpg.rf.2d92e66527dbd3ae4b07fa8aa6c9533a.jpg,416,416,OrderGurney,118,205,147,242
image6_jpg.rf.2d92e66527dbd3ae4b07fa8aa6c9533a.jpg,416,416,OrderYellow,182,247,209,281
image6_jpg.rf.2d92e66527dbd3ae4b07fa8aa6c9533a.jpg,416,416,OrderGurney,213,247,241,283
image6_jpg.rf.2d92e66527dbd3ae4b07fa8aa6c9533a.jpg,416,416,OrderYellow,150,248,178,283
image6_jpg.rf.2d92e66527dbd3ae4b07fa8aa6c9533a.jpg,416,416,OrderYellow,119,249,147,283
image6_jpg.rf.2d92e66527dbd3ae4b07fa8aa6c9533a.jpg,416,416,OrderRed,242,287,273,324
image6_jpg.rf.2d92e66527dbd3ae4b07fa8aa6c9533a.jpg,416,416,OrderGurney,181,289,208,322
image6_jpg.rf.2d92e66527dbd3ae4b07fa8aa6c9533a.jpg,416,416,OrderGurney,149,289,178,323
image6_jpg.rf.2d92e66527dbd3ae4b07fa8aa6c9533a.jpg,416,416,OrderYellow,117,288,147,325
testimage2_jpg.rf.69c0c3cb8ca28c109ffaf4107ffe27de.jpg,416,416,CubeRed,264,170,310,222
testimage2_jpg.rf.69c0c3cb8ca28c109ffaf4107ffe27de.jpg,416,416,CubeYellow,203,172,248,224
testimage2_jpg.rf.69c0c3cb8ca28c109ffaf4107ffe27de.jpg,416,416,CubeYellow,146,171,189,226
testimage2_jpg.rf.69c0c3cb8ca28c109ffaf4107ffe27de.jpg,416,416,CubeRed,88,174,134,227
testimage2_jpg.rf.69c0c3cb8ca28c109ffaf4107ffe27de.jpg,416,416,CubeRed,89,277,138,339
testimage2_jpg.rf.69c0c3cb8ca28c109ffaf4107ffe27de.jpg,416,416,CubeBlue,318,49,370,101
testimage2_jpg.rf.69c0c3cb8ca28c109ffaf4107ffe27de.jpg,416,416,CubeYellow,264,52,308,104
testimage2_jpg.rf.69c0c3cb8ca28c109ffaf4107ffe27de.jpg,416,416,CubeBlue,205,55,244,107
testimage2_jpg.rf.69c0c3cb8ca28c109ffaf4107ffe27de.jpg,416,416,CubeBlue,142,55,186,108
testimage2_jpg.rf.69c0c3cb8ca28c109ffaf4107ffe27de.jpg,416,416,CubeBlue,80,58,129,108
testimage2_jpg.rf.61f1a497a50cfd570f164b76bf6db3aa.jpg,416,416,CubeRed,257,169,305,223
testimage2_jpg.rf.61f1a497a50cfd570f164b76bf6db3aa.jpg,416,416,CubeYellow,198,172,242,224
testimage2_jpg.rf.61f1a497a50cfd570f164b76bf6db3aa.jpg,416,416,CubeYellow,141,172,183,225
testimage2_jpg.rf.61f1a497a50cfd570f164b76bf6db3aa.jpg,416,416,CubeRed,81,173,129,228
testimage2_jpg.rf.61f1a497a50cfd570f164b76bf6db3aa.jpg,416,416,CubeRed,80,278,129,339
testimage2_jpg.rf.61f1a497a50cfd570f164b76bf6db3aa.jpg,416,416,CubeBlue,314,48,370,102
testimage2_jpg.rf.61f1a497a50cfd570f164b76bf6db3aa.jpg,416,416,CubeYellow,261,52,307,104
testimage2_jpg.rf.61f1a497a50cfd570f164b76bf6db3aa.jpg,416,416,CubeBlue,202,55,243,107
testimage2_jpg.rf.61f1a497a50cfd570f164b76bf6db3aa.jpg,416,416,CubeBlue,138,54,185,109
testimage2_jpg.rf.61f1a497a50cfd570f164b76bf6db3aa.jpg,416,416,CubeBlue,77,58,127,108
testimage2_jpg.rf.4d4789fa8332ad714552f6abc254ffae.jpg,416,416,CubeRed,261,168,310,221
testimage2_jpg.rf.4d4789fa8332ad714552f6abc254ffae.jpg,416,416,CubeYellow,203,171,246,222
testimage2_jpg.rf.4d4789fa8332ad714552f6abc254ffae.jpg,416,416,CubeYellow,146,172,187,224
testimage2_jpg.rf.4d4789fa8332ad714552f6abc254ffae.jpg,416,416,CubeRed,86,173,134,227
testimage2_jpg.rf.4d4789fa8332ad714552f6abc254ffae.jpg,416,416,CubeRed,88,277,135,338
testimage2_jpg.rf.4d4789fa8332ad714552f6abc254ffae.jpg,416,416,CubeBlue,316,47,371,99
testimage2_jpg.rf.4d4789fa8332ad714552f6abc254ffae.jpg,416,416,CubeYellow,262,50,309,103
testimage2_jpg.rf.4d4789fa8332ad714552f6abc254ffae.jpg,416,416,CubeBlue,204,54,244,105
testimage2_jpg.rf.4d4789fa8332ad714552f6abc254ffae.jpg,416,416,CubeBlue,141,54,186,107
testimage2_jpg.rf.4d4789fa8332ad714552f6abc254ffae.jpg,416,416,CubeBlue,78,56,130,108
testimage2_jpg.rf.6f67e1189b090dec719e9ecebeec8db7.jpg,416,416,CubeRed,258,170,306,222
testimage2_jpg.rf.6f67e1189b090dec719e9ecebeec8db7.jpg,416,416,CubeYellow,199,172,243,224
testimage2_jpg.rf.6f67e1189b090dec719e9ecebeec8db7.jpg,416,416,CubeYellow,141,171,185,226
testimage2_jpg.rf.6f67e1189b090dec719e9ecebeec8db7.jpg,416,416,CubeRed,83,174,130,227
testimage2_jpg.rf.6f67e1189b090dec719e9ecebeec8db7.jpg,416,416,CubeRed,81,277,132,339
testimage2_jpg.rf.6f67e1189b090dec719e9ecebeec8db7.jpg,416,416,CubeBlue,316,49,369,101
testimage2_jpg.rf.6f67e1189b090dec719e9ecebeec8db7.jpg,416,416,CubeYellow,262,51,307,105
testimage2_jpg.rf.6f67e1189b090dec719e9ecebeec8db7.jpg,416,416,CubeBlue,203,55,243,106
testimage2_jpg.rf.6f67e1189b090dec719e9ecebeec8db7.jpg,416,416,CubeBlue,140,55,185,108
testimage2_jpg.rf.6f67e1189b090dec719e9ecebeec8db7.jpg,416,416,CubeBlue,78,58,128,108
image8_jpg.rf.a93c3cc8c8f5fabe200b3bd59490f3ec.jpg,416,416,OrderBlue,282,61,317,104
image8_jpg.rf.a93c3cc8c8f5fabe200b3bd59490f3ec.jpg,416,416,OrderBlue,206,68,241,112
image8_jpg.rf.a93c3cc8c8f5fabe200b3bd59490f3ec.jpg,416,416,OrderBlue,168,73,204,115
image8_jpg.rf.a93c3cc8c8f5fabe200b3bd59490f3ec.jpg,416,416,OrderBlue,96,78,128,121
image8_jpg.rf.a93c3cc8c8f5fabe200b3bd59490f3ec.jpg,416,416,OrderRed,171,122,205,167
image8_jpg.rf.a93c3cc8c8f5fabe200b3bd59490f3ec.jpg,416,416,OrderRed,133,126,167,165
image8_jpg.rf.a93c3cc8c8f5fabe200b3bd59490f3ec.jpg,416,416,OrderRed,97,128,131,171
image8_jpg.rf.a93c3cc8c8f5fabe200b3bd59490f3ec.jpg,416,416,OrderRed,286,164,318,207
image8_jpg.rf.a93c3cc8c8f5fabe200b3bd59490f3ec.jpg,416,416,OrderGurney,249,168,280,210
image8_jpg.rf.a93c3cc8c8f5fabe200b3bd59490f3ec.jpg,416,416,OrderYellow,211,169,242,211
image8_jpg.rf.a93c3cc8c8f5fabe200b3bd59490f3ec.jpg,416,416,OrderBlue,136,175,169,218
image8_jpg.rf.a93c3cc8c8f5fabe200b3bd59490f3ec.jpg,416,416,OrderGurney,100,178,133,218
image8_jpg.rf.a93c3cc8c8f5fabe200b3bd59490f3ec.jpg,416,416,OrderGurney,210,218,245,265
image8_jpg.rf.a93c3cc8c8f5fabe200b3bd59490f3ec.jpg,416,416,OrderYellow,138,223,172,265
image8_jpg.rf.a93c3cc8c8f5fabe200b3bd59490f3ec.jpg,416,416,OrderYellow,175,222,207,266
image8_jpg.rf.a93c3cc8c8f5fabe200b3bd59490f3ec.jpg,416,416,OrderYellow,103,228,136,267
image8_jpg.rf.a93c3cc8c8f5fabe200b3bd59490f3ec.jpg,416,416,OrderRed,248,265,283,308
image8_jpg.rf.a93c3cc8c8f5fabe200b3bd59490f3ec.jpg,416,416,OrderGurney,177,270,210,312
image8_jpg.rf.a93c3cc8c8f5fabe200b3bd59490f3ec.jpg,416,416,OrderGurney,140,271,174,314
image8_jpg.rf.a93c3cc8c8f5fabe200b3bd59490f3ec.jpg,416,416,OrderYellow,105,273,138,315
testimage4_jpg.rf.9681633dfc1b00337a2904bfdcffa971.jpg,416,416,OrderBlue,323,71,355,112
testimage4_jpg.rf.9681633dfc1b00337a2904bfdcffa971.jpg,416,416,OrderBlue,136,69,166,113
testimage4_jpg.rf.9681633dfc1b00337a2904bfdcffa971.jpg,416,416,OrderBlue,209,70,244,115
testimage4_jpg.rf.9681633dfc1b00337a2904bfdcffa971.jpg,416,416,OrderBlue,245,70,281,116
testimage4_jpg.rf.9681633dfc1b00337a2904bfdcffa971.jpg,416,416,OrderRed,210,121,242,162
testimage4_jpg.rf.9681633dfc1b00337a2904bfdcffa971.jpg,416,416,OrderRed,136,121,168,163
testimage4_jpg.rf.9681633dfc1b00337a2904bfdcffa971.jpg,416,416,OrderRed,173,121,205,163
testimage4_jpg.rf.9681633dfc1b00337a2904bfdcffa971.jpg,416,416,OrderGurney,138,170,169,209
testimage4_jpg.rf.9681633dfc1b00337a2904bfdcffa971.jpg,416,416,OrderYellow,246,169,278,213
testimage4_jpg.rf.9681633dfc1b00337a2904bfdcffa971.jpg,416,416,OrderRed,322,171,355,212
testimage4_jpg.rf.9681633dfc1b00337a2904bfdcffa971.jpg,416,416,OrderBlue,174,171,206,211
testimage4_jpg.rf.9681633dfc1b00337a2904bfdcffa971.jpg,416,416,OrderGurney,283,170,316,216
testimage4_jpg.rf.9681633dfc1b00337a2904bfdcffa971.jpg,416,416,OrderYellow,138,218,169,259
testimage4_jpg.rf.9681633dfc1b00337a2904bfdcffa971.jpg,416,416,OrderYellow,175,219,206,260
testimage4_jpg.rf.9681633dfc1b00337a2904bfdcffa971.jpg,416,416,OrderYellow,210,220,243,260
testimage4_jpg.rf.9681633dfc1b00337a2904bfdcffa971.jpg,416,416,OrderGurney,247,221,277,262
testimage4_jpg.rf.9681633dfc1b00337a2904bfdcffa971.jpg,416,416,OrderGurney,209,265,243,305
testimage4_jpg.rf.9681633dfc1b00337a2904bfdcffa971.jpg,416,416,OrderYellow,139,266,171,305
testimage4_jpg.rf.9681633dfc1b00337a2904bfdcffa971.jpg,416,416,OrderGurney,175,266,207,305
testimage4_jpg.rf.9681633dfc1b00337a2904bfdcffa971.jpg,416,416,OrderRed,282,270,315,311
testimage4_jpg.rf.668e0496188c43a32ccf1e6e6ef30149.jpg,416,416,OrderBlue,324,77,357,118
testimage4_jpg.rf.668e0496188c43a32ccf1e6e6ef30149.jpg,416,416,OrderBlue,137,71,168,116
testimage4_jpg.rf.668e0496188c43a32ccf1e6e6ef30149.jpg,416,416,OrderBlue,211,74,246,120
testimage4_jpg.rf.668e0496188c43a32ccf1e6e6ef30149.jpg,416,416,OrderBlue,247,75,282,120
testimage4_jpg.rf.668e0496188c43a32ccf1e6e6ef30149.jpg,416,416,OrderRed,212,125,245,167
testimage4_jpg.rf.668e0496188c43a32ccf1e6e6ef30149.jpg,416,416,OrderRed,138,123,171,166
testimage4_jpg.rf.668e0496188c43a32ccf1e6e6ef30149.jpg,416,416,OrderRed,175,124,208,167
testimage4_jpg.rf.668e0496188c43a32ccf1e6e6ef30149.jpg,416,416,OrderGurney,140,172,174,212
testimage4_jpg.rf.668e0496188c43a32ccf1e6e6ef30149.jpg,416,416,OrderYellow,249,174,282,217
testimage4_jpg.rf.668e0496188c43a32ccf1e6e6ef30149.jpg,416,416,OrderRed,325,176,359,218
testimage4_jpg.rf.668e0496188c43a32ccf1e6e6ef30149.jpg,416,416,OrderBlue,177,174,210,215
testimage4_jpg.rf.668e0496188c43a32ccf1e6e6ef30149.jpg,416,416,OrderGurney,286,176,320,220
testimage4_jpg.rf.668e0496188c43a32ccf1e6e6ef30149.jpg,416,416,OrderYellow,142,220,174,262
testimage4_jpg.rf.668e0496188c43a32ccf1e6e6ef30149.jpg,416,416,OrderYellow,177,221,212,265
testimage4_jpg.rf.668e0496188c43a32ccf1e6e6ef30149.jpg,416,416,OrderYellow,214,225,247,264
testimage4_jpg.rf.668e0496188c43a32ccf1e6e6ef30149.jpg,416,416,OrderGurney,250,226,282,266
testimage4_jpg.rf.668e0496188c43a32ccf1e6e6ef30149.jpg,416,416,OrderGurney,214,269,248,310
testimage4_jpg.rf.668e0496188c43a32ccf1e6e6ef30149.jpg,416,416,OrderYellow,145,268,176,308
testimage4_jpg.rf.668e0496188c43a32ccf1e6e6ef30149.jpg,416,416,OrderGurney,180,269,212,309
testimage4_jpg.rf.668e0496188c43a32ccf1e6e6ef30149.jpg,416,416,OrderRed,287,274,320,316
image6_jpg.rf.b3ded4cf7aed2f426491c799231d7de3.jpg,416,416,OrderBlue,283,106,310,143
image6_jpg.rf.b3ded4cf7aed2f426491c799231d7de3.jpg,416,416,OrderBlue,220,110,248,146
image6_jpg.rf.b3ded4cf7aed2f426491c799231d7de3.jpg,416,416,OrderBlue,189,111,216,149
image6_jpg.rf.b3ded4cf7aed2f426491c799231d7de3.jpg,416,416,OrderBlue,126,114,154,151
image6_jpg.rf.b3ded4cf7aed2f426491c799231d7de3.jpg,416,416,OrderRed,190,153,216,191
image6_jpg.rf.b3ded4cf7aed2f426491c799231d7de3.jpg,416,416,OrderRed,159,156,186,190
image6_jpg.rf.b3ded4cf7aed2f426491c799231d7de3.jpg,416,416,OrderRed,127,157,154,194
image6_jpg.rf.b3ded4cf7aed2f426491c799231d7de3.jpg,416,416,OrderRed,285,189,315,227
image6_jpg.rf.b3ded4cf7aed2f426491c799231d7de3.jpg,416,416,OrderYellow,222,194,251,229
image6_jpg.rf.b3ded4cf7aed2f426491c799231d7de3.jpg,416,416,OrderGurney,252,192,283,230
image6_jpg.rf.b3ded4cf7aed2f426491c799231d7de3.jpg,416,416,OrderBlue,159,197,188,235
image6_jpg.rf.b3ded4cf7aed2f426491c799231d7de3.jpg,416,416,OrderGurney,127,198,156,236
image6_jpg.rf.b3ded4cf7aed2f426491c799231d7de3.jpg,416,416,OrderYellow,193,237,219,272
image6_jpg.rf.b3ded4cf7aed2f426491c799231d7de3.jpg,416,416,OrderGurney,223,237,252,272
image6_jpg.rf.b3ded4cf7aed2f426491c799231d7de3.jpg,416,416,OrderYellow,161,240,188,275
image6_jpg.rf.b3ded4cf7aed2f426491c799231d7de3.jpg,416,416,OrderYellow,130,242,157,277
image6_jpg.rf.b3ded4cf7aed2f426491c799231d7de3.jpg,416,416,OrderRed,254,275,285,312
image6_jpg.rf.b3ded4cf7aed2f426491c799231d7de3.jpg,416,416,OrderGurney,193,279,220,313
image6_jpg.rf.b3ded4cf7aed2f426491c799231d7de3.jpg,416,416,OrderGurney,162,281,189,315
image6_jpg.rf.b3ded4cf7aed2f426491c799231d7de3.jpg,416,416,OrderYellow,129,281,159,319
image6_jpg.rf.8b4d84052ce4d375741ad555083ac2aa.jpg,416,416,OrderBlue,283,111,310,148
image6_jpg.rf.8b4d84052ce4d375741ad555083ac2aa.jpg,416,416,OrderBlue,220,114,248,150
image6_jpg.rf.8b4d84052ce4d375741ad555083ac2aa.jpg,416,416,OrderBlue,189,115,216,152
image6_jpg.rf.8b4d84052ce4d375741ad555083ac2aa.jpg,416,416,OrderBlue,125,117,155,153
image6_jpg.rf.8b4d84052ce4d375741ad555083ac2aa.jpg,416,416,OrderRed,190,156,216,195
image6_jpg.rf.8b4d84052ce4d375741ad555083ac2aa.jpg,416,416,OrderRed,159,159,186,193
image6_jpg.rf.8b4d84052ce4d375741ad555083ac2aa.jpg,416,416,OrderRed,127,160,154,196
image6_jpg.rf.8b4d84052ce4d375741ad555083ac2aa.jpg,416,416,OrderRed,285,194,315,232
image6_jpg.rf.8b4d84052ce4d375741ad555083ac2aa.jpg,416,416,OrderYellow,222,198,251,233
image6_jpg.rf.8b4d84052ce4d375741ad555083ac2aa.jpg,416,416,OrderGurney,252,198,283,233
image6_jpg.rf.8b4d84052ce4d375741ad555083ac2aa.jpg,416,416,OrderBlue,159,200,188,238
image6_jpg.rf.8b4d84052ce4d375741ad555083ac2aa.jpg,416,416,OrderGurney,127,201,156,238
image6_jpg.rf.8b4d84052ce4d375741ad555083ac2aa.jpg,416,416,OrderYellow,193,241,219,275
image6_jpg.rf.8b4d84052ce4d375741ad555083ac2aa.jpg,416,416,OrderGurney,224,241,251,276
image6_jpg.rf.8b4d84052ce4d375741ad555083ac2aa.jpg,416,416,OrderYellow,161,243,188,278
image6_jpg.rf.8b4d84052ce4d375741ad555083ac2aa.jpg,416,416,OrderYellow,130,245,157,279
image6_jpg.rf.8b4d84052ce4d375741ad555083ac2aa.jpg,416,416,OrderRed,254,280,285,316
image6_jpg.rf.8b4d84052ce4d375741ad555083ac2aa.jpg,416,416,OrderGurney,193,283,220,316
image6_jpg.rf.8b4d84052ce4d375741ad555083ac2aa.jpg,416,416,OrderGurney,161,284,190,318
image6_jpg.rf.8b4d84052ce4d375741ad555083ac2aa.jpg,416,416,OrderYellow,129,284,159,321
testimage4_jpg.rf.44fd259d70734994dd5b967b4d3ddc9e.jpg,416,416,OrderBlue,321,69,354,110
testimage4_jpg.rf.44fd259d70734994dd5b967b4d3ddc9e.jpg,416,416,OrderBlue,134,68,165,112
testimage4_jpg.rf.44fd259d70734994dd5b967b4d3ddc9e.jpg,416,416,OrderBlue,208,69,242,114
testimage4_jpg.rf.44fd259d70734994dd5b967b4d3ddc9e.jpg,416,416,OrderBlue,243,69,280,114
testimage4_jpg.rf.44fd259d70734994dd5b967b4d3ddc9e.jpg,416,416,OrderRed,208,120,240,161
testimage4_jpg.rf.44fd259d70734994dd5b967b4d3ddc9e.jpg,416,416,OrderRed,134,120,165,162
testimage4_jpg.rf.44fd259d70734994dd5b967b4d3ddc9e.jpg,416,416,OrderRed,170,120,203,162
testimage4_jpg.rf.44fd259d70734994dd5b967b4d3ddc9e.jpg,416,416,OrderGurney,135,169,166,208
testimage4_jpg.rf.44fd259d70734994dd5b967b4d3ddc9e.jpg,416,416,OrderYellow,243,168,275,211
testimage4_jpg.rf.44fd259d70734994dd5b967b4d3ddc9e.jpg,416,416,OrderRed,318,168,353,211
testimage4_jpg.rf.44fd259d70734994dd5b967b4d3ddc9e.jpg,416,416,OrderBlue,171,169,203,211
testimage4_jpg.rf.44fd259d70734994dd5b967b4d3ddc9e.jpg,416,416,OrderGurney,280,168,313,214
testimage4_jpg.rf.44fd259d70734994dd5b967b4d3ddc9e.jpg,416,416,OrderYellow,134,217,165,258
testimage4_jpg.rf.44fd259d70734994dd5b967b4d3ddc9e.jpg,416,416,OrderYellow,170,218,202,259
testimage4_jpg.rf.44fd259d70734994dd5b967b4d3ddc9e.jpg,416,416,OrderYellow,206,220,238,258
testimage4_jpg.rf.44fd259d70734994dd5b967b4d3ddc9e.jpg,416,416,OrderGurney,242,220,273,260
testimage4_jpg.rf.44fd259d70734994dd5b967b4d3ddc9e.jpg,416,416,OrderGurney,205,264,237,304
testimage4_jpg.rf.44fd259d70734994dd5b967b4d3ddc9e.jpg,416,416,OrderYellow,135,265,165,304
testimage4_jpg.rf.44fd259d70734994dd5b967b4d3ddc9e.jpg,416,416,OrderGurney,169,265,202,304
testimage4_jpg.rf.44fd259d70734994dd5b967b4d3ddc9e.jpg,416,416,OrderRed,277,268,309,309
image6_jpg.rf.1aae3989d78a923ea51b4ad727643880.jpg,416,416,OrderBlue,283,106,309,143
image6_jpg.rf.1aae3989d78a923ea51b4ad727643880.jpg,416,416,OrderBlue,220,110,247,146
image6_jpg.rf.1aae3989d78a923ea51b4ad727643880.jpg,416,416,OrderBlue,188,111,216,149
image6_jpg.rf.1aae3989d78a923ea51b4ad727643880.jpg,416,416,OrderBlue,125,113,154,152
image6_jpg.rf.1aae3989d78a923ea51b4ad727643880.jpg,416,416,OrderRed,189,153,215,191
image6_jpg.rf.1aae3989d78a923ea51b4ad727643880.jpg,416,416,OrderRed,158,156,185,190
image6_jpg.rf.1aae3989d78a923ea51b4ad727643880.jpg,416,416,OrderRed,126,157,153,194
image6_jpg.rf.1aae3989d78a923ea51b4ad727643880.jpg,416,416,OrderRed,284,189,313,227
image6_jpg.rf.1aae3989d78a923ea51b4ad727643880.jpg,416,416,OrderYellow,221,194,249,229
image6_jpg.rf.1aae3989d78a923ea51b4ad727643880.jpg,416,416,OrderGurney,251,192,281,230
image6_jpg.rf.1aae3989d78a923ea51b4ad727643880.jpg,416,416,OrderBlue,158,197,186,235
image6_jpg.rf.1aae3989d78a923ea51b4ad727643880.jpg,416,416,OrderGurney,126,198,154,236
image6_jpg.rf.1aae3989d78a923ea51b4ad727643880.jpg,416,416,OrderYellow,190,237,219,272
image6_jpg.rf.1aae3989d78a923ea51b4ad727643880.jpg,416,416,OrderGurney,222,237,250,272
image6_jpg.rf.1aae3989d78a923ea51b4ad727643880.jpg,416,416,OrderYellow,159,240,187,275
image6_jpg.rf.1aae3989d78a923ea51b4ad727643880.jpg,416,416,OrderYellow,128,242,156,277
image6_jpg.rf.1aae3989d78a923ea51b4ad727643880.jpg,416,416,OrderRed,253,275,283,312
image6_jpg.rf.1aae3989d78a923ea51b4ad727643880.jpg,416,416,OrderGurney,192,279,218,313
image6_jpg.rf.1aae3989d78a923ea51b4ad727643880.jpg,416,416,OrderGurney,161,281,187,315
image6_jpg.rf.1aae3989d78a923ea51b4ad727643880.jpg,416,416,OrderYellow,128,281,157,319
testimage3_jpg.rf.9363091ee239a87f52d00144967b6874.jpg,416,416,CubeRed,264,165,313,219
testimage3_jpg.rf.9363091ee239a87f52d00144967b6874.jpg,416,416,CubeYellow,207,170,249,223
testimage3_jpg.rf.9363091ee239a87f52d00144967b6874.jpg,416,416,CubeYellow,150,171,191,223
testimage3_jpg.rf.9363091ee239a87f52d00144967b6874.jpg,416,416,CubeRed,88,174,138,226
testimage3_jpg.rf.9363091ee239a87f52d00144967b6874.jpg,416,416,CubeRed,90,277,141,337
testimage3_jpg.rf.9363091ee239a87f52d00144967b6874.jpg,416,416,CubeBlue,317,45,374,96
testimage3_jpg.rf.9363091ee239a87f52d00144967b6874.jpg,416,416,CubeYellow,263,45,310,101
testimage3_jpg.rf.9363091ee239a87f52d00144967b6874.jpg,416,416,CubeBlue,206,51,247,102
testimage3_jpg.rf.9363091ee239a87f52d00144967b6874.jpg,416,416,CubeBlue,143,55,187,105
testimage3_jpg.rf.9363091ee239a87f52d00144967b6874.jpg,416,416,CubeBlue,80,57,128,108
image_jpg.rf.b98686df1a176e20053746f64ab34d8d.jpg,416,416,CubeRed,254,172,296,218
image_jpg.rf.b98686df1a176e20053746f64ab34d8d.jpg,416,416,CubeYellow,204,177,237,221
image_jpg.rf.b98686df1a176e20053746f64ab34d8d.jpg,416,416,CubeYellow,151,177,188,224
image_jpg.rf.b98686df1a176e20053746f64ab34d8d.jpg,416,416,CubeRed,100,181,137,226
image_jpg.rf.b98686df1a176e20053746f64ab34d8d.jpg,416,416,CubeRed,97,274,139,325
image_jpg.rf.b98686df1a176e20053746f64ab34d8d.jpg,416,416,CubeBlue,305,63,352,111
image_jpg.rf.b98686df1a176e20053746f64ab34d8d.jpg,416,416,CubeYellow,256,68,296,113
image_jpg.rf.b98686df1a176e20053746f64ab34d8d.jpg,416,416,CubeBlue,205,72,240,116
image_jpg.rf.b98686df1a176e20053746f64ab34d8d.jpg,416,416,CubeBlue,148,74,189,119
image_jpg.rf.b98686df1a176e20053746f64ab34d8d.jpg,416,416,CubeBlue,92,77,136,123
image8_jpg.rf.bcadeacc8e53a645d073108728fedd0f.jpg,416,416,OrderBlue,283,72,317,114
image8_jpg.rf.bcadeacc8e53a645d073108728fedd0f.jpg,416,416,OrderBlue,207,76,241,120
image8_jpg.rf.bcadeacc8e53a645d073108728fedd0f.jpg,416,416,OrderBlue,169,79,204,122
image8_jpg.rf.bcadeacc8e53a645d073108728fedd0f.jpg,416,416,OrderBlue,96,81,129,126
image8_jpg.rf.bcadeacc8e53a645d073108728fedd0f.jpg,416,416,OrderRed,172,129,206,173
image8_jpg.rf.bcadeacc8e53a645d073108728fedd0f.jpg,416,416,OrderRed,133,130,168,171
image8_jpg.rf.bcadeacc8e53a645d073108728fedd0f.jpg,416,416,OrderRed,97,131,132,176
image8_jpg.rf.bcadeacc8e53a645d073108728fedd0f.jpg,416,416,OrderRed,286,174,320,218
image8_jpg.rf.bcadeacc8e53a645d073108728fedd0f.jpg,416,416,OrderGurney,249,176,282,220
image8_jpg.rf.bcadeacc8e53a645d073108728fedd0f.jpg,416,416,OrderYellow,211,176,244,220
image8_jpg.rf.bcadeacc8e53a645d073108728fedd0f.jpg,416,416,OrderBlue,137,180,171,224
image8_jpg.rf.bcadeacc8e53a645d073108728fedd0f.jpg,416,416,OrderGurney,101,182,135,222
image8_jpg.rf.bcadeacc8e53a645d073108728fedd0f.jpg,416,416,OrderGurney,212,226,246,273
image8_jpg.rf.bcadeacc8e53a645d073108728fedd0f.jpg,416,416,OrderYellow,139,227,174,272
image8_jpg.rf.bcadeacc8e53a645d073108728fedd0f.jpg,416,416,OrderYellow,176,228,209,273
image8_jpg.rf.bcadeacc8e53a645d073108728fedd0f.jpg,416,416,OrderYellow,104,231,138,272
image8_jpg.rf.bcadeacc8e53a645d073108728fedd0f.jpg,416,416,OrderRed,249,274,285,318
image8_jpg.rf.bcadeacc8e53a645d073108728fedd0f.jpg,416,416,OrderGurney,179,276,211,319
image8_jpg.rf.bcadeacc8e53a645d073108728fedd0f.jpg,416,416,OrderGurney,142,277,176,320
image8_jpg.rf.bcadeacc8e53a645d073108728fedd0f.jpg,416,416,OrderYellow,106,277,140,319
image_jpg.rf.c18ab73b21ee6912443a875ea161d55c.jpg,416,416,CubeRed,255,171,297,216
image_jpg.rf.c18ab73b21ee6912443a875ea161d55c.jpg,416,416,CubeYellow,205,175,238,220
image_jpg.rf.c18ab73b21ee6912443a875ea161d55c.jpg,416,416,CubeYellow,152,177,189,223
image_jpg.rf.c18ab73b21ee6912443a875ea161d55c.jpg,416,416,CubeRed,100,179,139,227
image_jpg.rf.c18ab73b21ee6912443a875ea161d55c.jpg,416,416,CubeRed,99,273,140,325
image_jpg.rf.c18ab73b21ee6912443a875ea161d55c.jpg,416,416,CubeBlue,307,62,351,108
image_jpg.rf.c18ab73b21ee6912443a875ea161d55c.jpg,416,416,CubeYellow,257,66,296,111
image_jpg.rf.c18ab73b21ee6912443a875ea161d55c.jpg,416,416,CubeBlue,206,70,240,115
image_jpg.rf.c18ab73b21ee6912443a875ea161d55c.jpg,416,416,CubeBlue,150,73,188,118
image_jpg.rf.c18ab73b21ee6912443a875ea161d55c.jpg,416,416,CubeBlue,93,76,137,123
testimage4_jpg.rf.d3855d09f6dc0d7cb64c4008ad13e48a.jpg,416,416,OrderBlue,322,73,355,114
testimage4_jpg.rf.d3855d09f6dc0d7cb64c4008ad13e48a.jpg,416,416,OrderBlue,135,70,166,114
testimage4_jpg.rf.d3855d09f6dc0d7cb64c4008ad13e48a.jpg,416,416,OrderBlue,209,71,243,117
testimage4_jpg.rf.d3855d09f6dc0d7cb64c4008ad13e48a.jpg,416,416,OrderBlue,245,72,280,117
testimage4_jpg.rf.d3855d09f6dc0d7cb64c4008ad13e48a.jpg,416,416,OrderRed,210,122,241,164
testimage4_jpg.rf.d3855d09f6dc0d7cb64c4008ad13e48a.jpg,416,416,OrderRed,136,122,167,164
testimage4_jpg.rf.d3855d09f6dc0d7cb64c4008ad13e48a.jpg,416,416,OrderRed,173,122,204,164
testimage4_jpg.rf.d3855d09f6dc0d7cb64c4008ad13e48a.jpg,416,416,OrderGurney,137,171,168,210
testimage4_jpg.rf.d3855d09f6dc0d7cb64c4008ad13e48a.jpg,416,416,OrderYellow,245,171,277,214
testimage4_jpg.rf.d3855d09f6dc0d7cb64c4008ad13e48a.jpg,416,416,OrderRed,320,173,355,214
testimage4_jpg.rf.d3855d09f6dc0d7cb64c4008ad13e48a.jpg,416,416,OrderBlue,173,171,205,213
testimage4_jpg.rf.d3855d09f6dc0d7cb64c4008ad13e48a.jpg,416,416,OrderGurney,282,172,315,217
testimage4_jpg.rf.d3855d09f6dc0d7cb64c4008ad13e48a.jpg,416,416,OrderYellow,137,219,167,260
testimage4_jpg.rf.d3855d09f6dc0d7cb64c4008ad13e48a.jpg,416,416,OrderYellow,173,220,205,261
testimage4_jpg.rf.d3855d09f6dc0d7cb64c4008ad13e48a.jpg,416,416,OrderYellow,209,222,241,261
testimage4_jpg.rf.d3855d09f6dc0d7cb64c4008ad13e48a.jpg,416,416,OrderGurney,245,223,276,263
testimage4_jpg.rf.d3855d09f6dc0d7cb64c4008ad13e48a.jpg,416,416,OrderGurney,208,266,241,307
testimage4_jpg.rf.d3855d09f6dc0d7cb64c4008ad13e48a.jpg,416,416,OrderYellow,139,267,169,306
testimage4_jpg.rf.d3855d09f6dc0d7cb64c4008ad13e48a.jpg,416,416,OrderGurney,174,267,205,306
testimage4_jpg.rf.d3855d09f6dc0d7cb64c4008ad13e48a.jpg,416,416,OrderRed,281,271,313,313
image8_jpg.rf.df3a8d88fa79de55d2aeebf41bef9dec.jpg,416,416,OrderBlue,280,65,315,107
image8_jpg.rf.df3a8d88fa79de55d2aeebf41bef9dec.jpg,416,416,OrderBlue,204,71,239,114
image8_jpg.rf.df3a8d88fa79de55d2aeebf41bef9dec.jpg,416,416,OrderBlue,166,75,202,117
image8_jpg.rf.df3a8d88fa79de55d2aeebf41bef9dec.jpg,416,416,OrderBlue,93,79,126,123
image8_jpg.rf.df3a8d88fa79de55d2aeebf41bef9dec.jpg,416,416,OrderRed,168,125,202,168
image8_jpg.rf.df3a8d88fa79de55d2aeebf41bef9dec.jpg,416,416,OrderRed,129,128,164,166
image8_jpg.rf.df3a8d88fa79de55d2aeebf41bef9dec.jpg,416,416,OrderRed,93,129,128,173
image8_jpg.rf.df3a8d88fa79de55d2aeebf41bef9dec.jpg,416,416,OrderRed,280,168,315,210
image8_jpg.rf.df3a8d88fa79de55d2aeebf41bef9dec.jpg,416,416,OrderGurney,244,171,276,213
image8_jpg.rf.df3a8d88fa79de55d2aeebf41bef9dec.jpg,416,416,OrderYellow,206,171,239,214
image8_jpg.rf.df3a8d88fa79de55d2aeebf41bef9dec.jpg,416,416,OrderBlue,132,178,164,220
image8_jpg.rf.df3a8d88fa79de55d2aeebf41bef9dec.jpg,416,416,OrderGurney,95,180,129,219
image8_jpg.rf.df3a8d88fa79de55d2aeebf41bef9dec.jpg,416,416,OrderGurney,204,221,239,267
image8_jpg.rf.df3a8d88fa79de55d2aeebf41bef9dec.jpg,416,416,OrderYellow,132,224,167,268
image8_jpg.rf.df3a8d88fa79de55d2aeebf41bef9dec.jpg,416,416,OrderYellow,168,224,202,268
image8_jpg.rf.df3a8d88fa79de55d2aeebf41bef9dec.jpg,416,416,OrderYellow,97,230,130,268
image8_jpg.rf.df3a8d88fa79de55d2aeebf41bef9dec.jpg,416,416,OrderRed,241,269,276,311
image8_jpg.rf.df3a8d88fa79de55d2aeebf41bef9dec.jpg,416,416,OrderGurney,170,272,202,314
image8_jpg.rf.df3a8d88fa79de55d2aeebf41bef9dec.jpg,416,416,OrderGurney,133,273,167,316
image8_jpg.rf.df3a8d88fa79de55d2aeebf41bef9dec.jpg,416,416,OrderYellow,98,275,131,316
image8_jpg.rf.edbd886dbb377b1dfcaa93ca5be1129c.jpg,416,416,OrderBlue,282,56,316,99
image8_jpg.rf.edbd886dbb377b1dfcaa93ca5be1129c.jpg,416,416,OrderBlue,206,65,240,107
image8_jpg.rf.edbd886dbb377b1dfcaa93ca5be1129c.jpg,416,416,OrderBlue,168,69,203,112
image8_jpg.rf.edbd886dbb377b1dfcaa93ca5be1129c.jpg,416,416,OrderBlue,96,75,128,120
image8_jpg.rf.edbd886dbb377b1dfcaa93ca5be1129c.jpg,416,416,OrderRed,171,119,204,163
image8_jpg.rf.edbd886dbb377b1dfcaa93ca5be1129c.jpg,416,416,OrderRed,132,123,166,162
image8_jpg.rf.edbd886dbb377b1dfcaa93ca5be1129c.jpg,416,416,OrderRed,96,126,130,169
image8_jpg.rf.edbd886dbb377b1dfcaa93ca5be1129c.jpg,416,416,OrderRed,285,159,317,202
image8_jpg.rf.edbd886dbb377b1dfcaa93ca5be1129c.jpg,416,416,OrderGurney,248,163,279,206
image8_jpg.rf.edbd886dbb377b1dfcaa93ca5be1129c.jpg,416,416,OrderYellow,209,164,242,208
image8_jpg.rf.edbd886dbb377b1dfcaa93ca5be1129c.jpg,416,416,OrderBlue,135,172,168,216
image8_jpg.rf.edbd886dbb377b1dfcaa93ca5be1129c.jpg,416,416,OrderGurney,99,176,132,216
image8_jpg.rf.edbd886dbb377b1dfcaa93ca5be1129c.jpg,416,416,OrderGurney,210,214,242,261
image8_jpg.rf.edbd886dbb377b1dfcaa93ca5be1129c.jpg,416,416,OrderYellow,137,220,170,263
image8_jpg.rf.edbd886dbb377b1dfcaa93ca5be1129c.jpg,416,416,OrderYellow,173,218,206,263
image8_jpg.rf.edbd886dbb377b1dfcaa93ca5be1129c.jpg,416,416,OrderYellow,102,226,134,265
image8_jpg.rf.edbd886dbb377b1dfcaa93ca5be1129c.jpg,416,416,OrderRed,247,260,281,303
image8_jpg.rf.edbd886dbb377b1dfcaa93ca5be1129c.jpg,416,416,OrderGurney,176,266,207,309
image8_jpg.rf.edbd886dbb377b1dfcaa93ca5be1129c.jpg,416,416,OrderGurney,139,268,173,312
image8_jpg.rf.edbd886dbb377b1dfcaa93ca5be1129c.jpg,416,416,OrderYellow,103,271,136,313
image6_jpg.rf.f52a8959219f705eddff7a4328e5335c.jpg,416,416,OrderBlue,284,114,311,152
image6_jpg.rf.f52a8959219f705eddff7a4328e5335c.jpg,416,416,OrderBlue,221,117,249,153
image6_jpg.rf.f52a8959219f705eddff7a4328e5335c.jpg,416,416,OrderBlue,189,117,218,155
image6_jpg.rf.f52a8959219f705eddff7a4328e5335c.jpg,416,416,OrderBlue,126,118,156,155
image6_jpg.rf.f52a8959219f705eddff7a4328e5335c.jpg,416,416,OrderRed,191,158,217,197
image6_jpg.rf.f52a8959219f705eddff7a4328e5335c.jpg,416,416,OrderRed,160,160,187,196
image6_jpg.rf.f52a8959219f705eddff7a4328e5335c.jpg,416,416,OrderRed,128,161,155,198
image6_jpg.rf.f52a8959219f705eddff7a4328e5335c.jpg,416,416,OrderRed,286,197,316,236
image6_jpg.rf.f52a8959219f705eddff7a4328e5335c.jpg,416,416,OrderYellow,223,201,252,236
image6_jpg.rf.f52a8959219f705eddff7a4328e5335c.jpg,416,416,OrderGurney,254,201,283,236
image6_jpg.rf.f52a8959219f705eddff7a4328e5335c.jpg,416,416,OrderBlue,160,202,189,240
image6_jpg.rf.f52a8959219f705eddff7a4328e5335c.jpg,416,416,OrderGurney,128,202,158,240
image6_jpg.rf.f52a8959219f705eddff7a4328e5335c.jpg,416,416,OrderYellow,193,243,222,278
image6_jpg.rf.f52a8959219f705eddff7a4328e5335c.jpg,416,416,OrderGurney,225,244,253,279
image6_jpg.rf.f52a8959219f705eddff7a4328e5335c.jpg,416,416,OrderYellow,162,245,190,280
image6_jpg.rf.f52a8959219f705eddff7a4328e5335c.jpg,416,416,OrderYellow,131,246,159,281
image6_jpg.rf.f52a8959219f705eddff7a4328e5335c.jpg,416,416,OrderRed,256,283,287,319
image6_jpg.rf.f52a8959219f705eddff7a4328e5335c.jpg,416,416,OrderGurney,195,285,222,319
image6_jpg.rf.f52a8959219f705eddff7a4328e5335c.jpg,416,416,OrderGurney,164,286,191,320
image6_jpg.rf.f52a8959219f705eddff7a4328e5335c.jpg,416,416,OrderYellow,131,285,161,323